transaction_id,card_id,merchant_name,timestamp,amount,location,transaction_type,related_transaction_id,status,pending_balance
1,31,"Parker, Wang and Herrera",2025-04-01 01:17:38,-12.6,"5421 Eric Common, Syracuse, NY 16105",refund,,pending,245.39
2,3,Atkinson-Evans,2025-04-01 01:18:05,-101.07,"3329 Pineda Pine, Ithaca, NY 15721",refund,,pending,1492.61
3,37,Blackwell-Webster,2025-04-01 01:23:16,293.99,"4091 Bell Hollow, Lake Cody, TX 79100",wire_transfer,,declined,2280.64
4,30,Olson LLC,2025-04-01 01:37:13,-233.36,"9820 John Villages, Ithaca, NY 19717",refund,,pending,1687.76
5,54,Lucas-Herman,2025-04-01 02:00:04,462.66,"1468 Jacqueline Bridge, Syracuse, NY 12885",p2p_transfer,,pending,2079.45
6,13,"Roy, Smith and Pugh",2025-04-01 02:05:32,223.18,"6317 Robin Stream, Yonkers, NY 15608",bill_payment,,pending,2233.31
7,13,Rubio-Blanchard,2025-04-01 02:12:08,103.2,"5941 Kelly Field, Bronx, NY 16464",atm_withdrawal,,pending,2336.51
8,4,Meyer-Ellis,2025-04-01 02:15:37,109.03,"69 Marshall Haven, Brooklyn, NY 17247",wire_transfer,,pending,2423.31
9,55,Hunt PLC,2025-04-01 02:36:37,3963.75,"8517 Lindsey Flats, Niagara Falls, NY 18502",p2p_transfer,,pending,13322.7
10,12,Perry and Sons,2025-04-01 02:55:16,105.47,"9423 Romero Points, Syracuse, NY 18404",bill_payment,,pending,736.03
11,24,Moore-Burns,2025-04-01 02:59:40,-307.52,"5440 Matthew Skyway, Brooklyn, NY 11659",refund,,pending,2659.75
12,18,"Sherman, Roberts and Smith",2025-04-01 03:06:19,403.63,"5606 Eric Field, Yonkers, NY 18693",bill_payment,,pending,11567.23
13,14,Jones-Green,2025-04-01 03:09:09,217.45,"5780 Steven Isle, Staten Island, NY 16303",wire_transfer,,pending,3162.46
14,2,"Brown, Wright and Higgins",2025-04-01 03:15:44,160.81,"8892 John Coves, Brooklyn, NY 15707",purchase,,pending,1915.86
15,33,Knight-Morgan,2025-04-01 03:19:17,218.9,"2845 Angela Lodge, Brooklyn, NY 13024",p2p_transfer,,pending,3531.91
16,21,Tucker-Shepard,2025-04-01 03:28:50,88.08,"1331 Hoffman Oval, Cheektowaga, NY 17789",atm_withdrawal,,pending,1627.0
17,16,Warner-Morrow,2025-04-01 03:33:06,91.01,"9307 Christian Run, Katrinaton, CT 07056",atm_withdrawal,,declined,2869.64
18,59,Short-Cuevas,2025-04-01 03:35:00,38.22,"7252 Nancy Shoal, Cheektowaga, NY 19018",atm_withdrawal,,pending,15922.32
19,3,"Pitts, Hamilton and Garza",2025-04-01 03:44:12,-488.76,"7566 Haney Wall, Albany, NY 14060",refund,,pending,1003.85
20,14,Kim-Hutchinson,2025-04-01 03:48:40,68.02,"8710 Thomas Ramp, Rochester, NY 19704",atm_withdrawal,,pending,3230.48
21,22,Sanders-Johnson,2025-04-01 04:12:09,43.9,"4742 Christopher Avenue, New York, NY 19770",purchase,,pending,671.45
22,3,"Cooper, Acevedo and Jackson",2025-04-01 04:17:45,251.84,"3278 Melissa Pines, Syracuse, NY 18269",purchase,,pending,1255.69
23,17,Patterson-Thompson,2025-04-01 04:22:44,112.69,"8849 Dakota Lakes, Rochester, NY 10692",purchase,,pending,2357.98
24,38,Rodriguez-Lopez,2025-04-01 04:23:32,106.94,"8479 Sydney Lake, Ithaca, NY 17448",atm_withdrawal,,pending,1703.41
25,39,Goodman-Wilkinson,2025-04-01 04:24:07,274.46,"7608 Carolyn Vista, Utica, NY 18585",purchase,,pending,3107.79
26,9,"Santiago, Williams and Gill",2025-04-01 05:04:01,68.19,"8129 Santana Springs, Schenectady, NY 15555",wire_transfer,,pending,1505.34
27,44,Walker LLC,2025-04-01 05:07:42,412.14,"1624 Coleman Branch, Yonkers, NY 16697",p2p_transfer,,pending,1325.44
28,4,Gutierrez LLC,2025-04-01 05:13:38,219.88,"3447 Sara Hills, Cheektowaga, NY 18190",p2p_transfer,,pending,2643.19
29,55,Blair-Peterson,2025-04-01 05:14:51,96.58,"5746 Payne Forest, Binghamton, NY 13094",wire_transfer,,pending,13419.28
30,54,"Baker, Cochran and Carson",2025-04-01 05:17:57,203.89,"866 Hudson Dale, Millerport, VT 01240",p2p_transfer,,declined,2079.45
31,21,Freeman and Sons,2025-04-01 05:23:36,-443.42,"7834 Nguyen Manor, New York, NY 15667",refund,,pending,1183.58
32,53,Young-Murray,2025-04-01 05:50:11,-227.11,"9003 Coleman Ridges, Ithaca, NY 18965",refund,,pending,1195.04
33,55,Hernandez Ltd,2025-04-01 06:10:12,-401.25,"7471 Sandra Ramp, Ithaca, NY 11583",refund,,pending,13018.03
34,40,Elliott-Norris,2025-04-01 06:16:55,287.2,"8078 Janice Lights, Bergerside, VT 00784",wire_transfer,,declined,472.51
35,9,"Rodriguez, Williams and Mahoney",2025-04-01 06:20:34,299.21,"9743 Hammond Brook, Staten Island, NY 11287",p2p_transfer,,pending,1804.55
36,18,"Woods, Orr and Guzman",2025-04-01 06:21:58,-426.42,"2463 Wilson Throughway, Brooklyn, NY 18252",refund,,pending,11140.81
37,48,Hughes LLC,2025-04-01 06:34:40,200.28,"4881 Villa Viaduct, Syracuse, NY 12832",purchase,,pending,1471.28
38,13,"Meadows, Mckinney and Durham",2025-04-01 06:40:13,-327.64,"9743 Daniel Route, Bronx, NY 19547",refund,,pending,2008.87
39,26,Waters-Phillips,2025-04-01 06:41:18,192.77,"8199 Danny Station, Rochester, NY 12322",bill_payment,,pending,2332.12
40,7,Mason-Parsons,2025-04-01 06:48:32,290.94,"3729 Smith Spring, Syracuse, NY 17434",bill_payment,,pending,2159.11
41,45,Mcpherson-Day,2025-04-01 07:02:58,384.75,"5983 Hale Glen, Rochester, NY 14084",p2p_transfer,,pending,1277.49
42,22,"Harvey, Gray and Hernandez",2025-04-01 07:04:27,-67.06,"6149 Tracy Crossroad, Troy, NY 10880",refund,,pending,604.39
43,35,"Guerrero, Hebert and Barrera",2025-04-01 07:05:33,145.1,"9843 William Drives, White Plains, NY 16586",atm_withdrawal,,pending,1614.01
44,23,Hoffman Group,2025-04-01 07:06:52,-290.01,"9086 Michael Plain, Brooklyn, NY 14365",refund,,pending,3070.56
45,57,Tran Group,2025-04-01 07:08:53,159.83,"1860 Matthew Causeway, Ithaca, NY 13952",purchase,,pending,2497.97
46,29,Miles Ltd,2025-04-01 07:50:59,266.34,"5401 Shane Garden, South Brittanyland, CA 99876",wire_transfer,,declined,3339.75
47,24,Smith LLC,2025-04-01 08:07:32,212.32,"2512 Jamie Extensions, White Plains, NY 14038",bill_payment,,pending,2872.07
48,7,Wallace Inc,2025-04-01 08:17:58,-42.78,"7500 Michelle Oval, Utica, NY 16454",refund,,pending,2116.33
49,4,Welch-Wright,2025-04-01 08:18:57,141.17,"738 Sharon Motorway, Lake George, VT 00005",purchase,,declined,2643.19
50,49,"Stanley, Mccoy and Mccoy",2025-04-01 08:41:37,187.89,"774 Macias Throughway, Troy, NY 12788",atm_withdrawal,,pending,2640.82
51,26,"Thompson, Sullivan and Cox",2025-04-01 08:48:30,-314.33,"6525 Hubbard Valley, Madelineland, IL 62512",refund,,pending,2017.79
52,5,Lee PLC,2025-04-01 08:52:27,128.37,"8456 Morgan Station, Staten Island, NY 19162",atm_withdrawal,,pending,3014.69
53,14,Sharp-Moon,2025-04-01 08:56:06,174.57,"4190 Weber Mission, Yonkers, NY 15178",atm_withdrawal,,pending,3405.05
54,17,Garrett LLC,2025-04-01 08:59:28,213.85,"1071 Garcia Common, Staten Island, NY 16769",p2p_transfer,,pending,2571.83
55,39,Ford Inc,2025-04-01 09:06:47,322.81,"3738 Dennis Freeway, Rochester, NY 18713",p2p_transfer,,pending,3430.6
56,18,Pacheco-Johnston,2025-04-01 09:26:02,229.56,"2649 Thornton Valley, Albany, NY 14604",wire_transfer,,pending,11370.37
57,3,"Shaffer, Blair and Rodriguez",2025-04-01 09:32:17,-420.56,"2299 Harris Extensions, Niagara Falls, NY 19859",refund,,pending,835.13
58,34,Oneal-Tucker,2025-04-01 09:33:03,176.44,"3995 Jorge Camp, Lake Brentstad, VT 08618",bill_payment,,declined,12701.3
59,13,"Nicholson, Mcintyre and Mooney",2025-04-01 09:45:02,214.42,"7499 Harmon Wall, Schenectady, NY 18131",p2p_transfer,,pending,2223.29
60,6,Castillo Group,2025-04-01 09:45:35,198.17,"6796 Michael Flat, Syracuse, NY 12511",atm_withdrawal,,pending,1711.07
61,26,Graves-Santiago,2025-04-01 10:04:27,96.35,"9539 Smith Street, Niagara Falls, NY 15501",purchase,,pending,2114.14
62,1,Murphy-Sherman,2025-04-01 10:05:09,-34.95,"4094 Charles Course, Yonkers, NY 14427",refund,,pending,5299.31
63,30,Wu LLC,2025-04-01 10:17:11,68.07,"2019 Kristen Mill, Binghamton, NY 14374",p2p_transfer,,pending,1755.83
64,21,Ford Inc,2025-04-01 10:18:52,774.0,"5170 Charles Turnpike, North Sydney, MA 03186",purchase,,declined,1183.58
65,30,Collins-Patterson,2025-04-01 10:31:35,-85.62,"6306 Cynthia Street, Albany, NY 18929",refund,,pending,1670.21
66,6,Christensen and Sons,2025-04-01 11:01:05,283.83,"2295 Perry Extension, North Jamie, NJ 03499",p2p_transfer,,declined,1711.07
67,50,"Freeman, Guerrero and Mayer",2025-04-01 11:02:01,107.57,"9843 Ashley Mills, Bronx, NY 18999",p2p_transfer,,pending,1275.88
68,53,Matthews Group,2025-04-01 11:22:16,423.16,"1112 Nunez Hills, Troy, NY 17024",wire_transfer,,pending,1618.2
69,17,Kennedy LLC,2025-04-01 11:26:42,-150.95,"8415 Cruz Via, Schenectady, NY 16604",refund,,pending,2420.88
70,42,Odonnell Inc,2025-04-01 11:44:23,-63.07,"6760 Jacob Heights, Bronx, NY 11460",refund,,pending,872.32
71,30,Blake LLC,2025-04-01 12:32:47,124.8,"8956 Melissa Terrace, Ithaca, NY 11094",p2p_transfer,,pending,1795.01
72,39,Yoder-Boyd,2025-04-01 13:04:54,-178.64,"7505 Christopher Creek, Niagara Falls, NY 18674",refund,,pending,3251.96
73,42,"Mercado, Weiss and Baker",2025-04-01 13:05:22,365.43,"357 Jose Spurs, Staten Island, NY 19590",wire_transfer,,pending,1237.75
74,26,"Webb, Young and Fernandez",2025-04-01 13:28:26,129.4,"6935 Brittany Rapid, Rochester, NY 19332",atm_withdrawal,,pending,2243.54
75,40,Anderson Inc,2025-04-01 13:42:53,-36.32,"9603 Hailey Plains, Utica, NY 18431",refund,,pending,436.19
76,34,Smith Group,2025-04-01 13:46:41,6573.75,"166 Charles Valleys, Buffalo, NY 15480",bill_payment,,pending,19275.05
77,38,"Vaughn, Reyes and Wallace",2025-04-01 14:22:38,170.52,"171 Armstrong Knoll, New York, NY 19490",atm_withdrawal,,pending,1873.93
78,41,Welch-Powell,2025-04-01 14:23:34,47.63,"3541 Gonzalez Village, Troy, NY 14749",atm_withdrawal,,pending,374.73
79,46,Brown-Todd,2025-04-01 14:27:37,438.17,"5015 Ramirez Crossroad, Schenectady, NY 18778",p2p_transfer,,pending,1699.33
80,54,"Williams, Joyce and Vaughn",2025-04-01 14:43:14,448.22,"6374 Rogers Divide, New York, NY 17583",wire_transfer,,pending,2527.67
81,47,Brown LLC,2025-04-01 14:53:12,148.79,"596 Ariel Plaza, Rochester, NY 14371",purchase,,pending,3255.37
82,52,Koch-Thompson,2025-04-01 14:57:28,75.48,"5140 Wayne Pass, New York, NY 18640",purchase,,pending,1950.98
83,51,Pacheco Inc,2025-04-01 15:19:38,203.42,"6370 Drew Stream, West Jeffrey, TX 70982",p2p_transfer,,declined,846.04
84,18,Ortiz-Castaneda,2025-04-01 15:31:12,5885.85,"2864 Mcdaniel Cove, New York, NY 12776",p2p_transfer,,pending,17256.22
85,16,Johnston LLC,2025-04-01 15:39:12,96.2,"7653 Baker Isle, Buffalo, NY 11993",purchase,,pending,2965.84
86,10,Sanchez Ltd,2025-04-01 15:48:35,269.86,"4809 Cordova Cove, Buffalo, NY 15333",p2p_transfer,,pending,2212.64
87,57,Dominguez and Sons,2025-04-01 15:55:30,52.4,"7636 Alejandra Summit, Queens, NY 11930",purchase,,pending,2550.37
88,20,Young Ltd,2025-04-01 16:19:12,21.45,"8509 Amy Route, Troy, NY 12881",atm_withdrawal,,pending,2058.16
89,60,Wilson PLC,2025-04-01 16:20:55,424.41,"6933 Adam Rapids, Binghamton, NY 10723",p2p_transfer,,pending,2696.5
90,2,"Atkinson, Garcia and Bass",2025-04-01 16:33:56,256.1,"1501 Cummings Place, Binghamton, NY 12937",bill_payment,,pending,2171.96
91,3,"Perry, Hall and Gray",2025-04-01 16:43:52,74.71,"4552 Adams Ferry, Welchberg, FL 32952",bill_payment,,declined,835.13
92,53,Shaw LLC,2025-04-01 16:46:09,-321.74,"3780 Angela Mountains, Binghamton, NY 13662",refund,,pending,1296.46
93,47,"Smith, King and Watson",2025-04-01 16:57:14,186.06,"6895 Hodges Orchard, South Victoria, MA 09538",p2p_transfer,,declined,3255.37
94,21,Smith-Morales,2025-04-01 16:59:03,134.28,"4754 Obrien Spring, Albany, NY 12503",purchase,,pending,1317.86
95,44,Golden-Ware,2025-04-01 16:59:42,293.27,"6046 Mark Port, Bronx, NY 14977",purchase,,pending,1618.71
96,40,Turner-Jones,2025-04-01 17:00:01,58.97,"4633 Sydney Lodge, Niagara Falls, NY 16505",atm_withdrawal,,pending,495.16
97,26,Kim PLC,2025-04-01 17:02:19,160.36,"362 Donna Center, Ithaca, NY 11738",p2p_transfer,,pending,2403.9
98,7,Moore PLC,2025-04-01 17:22:57,183.0,"4483 Wilkerson Overpass, Mckinneyview, IL 64793",purchase,,declined,2116.33
99,25,"Stanley, Weber and Valenzuela",2025-04-01 17:24:29,456.5,"7612 Alexis Mews, Syracuse, NY 14184",p2p_transfer,,pending,1656.29
100,29,Campbell-Daugherty,2025-04-01 17:31:54,175.9,"3690 Nathaniel Neck, Buffalo, NY 11964",bill_payment,,pending,3515.65
101,22,Graham and Sons,2025-04-01 17:40:10,173.63,"6010 Gina Squares, New York, NY 18711",wire_transfer,,pending,778.02
102,4,Gardner Ltd,2025-04-01 17:43:23,-316.26,"2356 Guerra Court, Utica, NY 19317",refund,,pending,2326.93
103,60,Jones-Hurley,2025-04-01 17:50:44,133.21,"7934 Deanna Stream, Rochester, NY 13487",atm_withdrawal,,pending,2829.71
104,40,"Hawkins, Gould and Curtis",2025-04-01 18:05:07,3420.3,"7021 Johnson Vista, Staten Island, NY 18342",purchase,,declined,495.16
105,52,"Hill, Garcia and Morris",2025-04-01 18:17:51,-180.15,"9588 Flores Isle, Binghamton, NY 11829",refund,,pending,1770.83
106,5,"Jackson, Webb and Lucas",2025-04-01 18:33:45,164.36,"3616 Andrews Circles, Utica, NY 18734",wire_transfer,,pending,3179.05
107,59,"Fry, Lawson and Dunlap",2025-04-01 18:36:33,320.1,"4796 Clark Crossroad, Brooklyn, NY 10953",bill_payment,,pending,16242.42
108,38,Atkins PLC,2025-04-01 18:55:12,181.89,"8167 Ward Stream, Schenectady, NY 10986",purchase,,pending,2055.82
109,60,Davis and Sons,2025-04-01 19:26:59,-472.07,"5424 Heath Cove, Rochester, NY 10802",refund,,pending,2357.64
110,11,"Shelton, Nicholson and Sanders",2025-04-01 19:44:36,168.57,"9610 Hardy Turnpike, Ithaca, NY 14179",p2p_transfer,,pending,892.23
111,5,Williams and Sons,2025-04-01 20:22:26,49.81,"5814 Floyd Port, Yonkers, NY 15369",purchase,,pending,3228.86
112,34,Barnes Inc,2025-04-01 20:30:35,262.81,"5037 Nelson Ville, Parkerview, FL 34085",bill_payment,,declined,19275.05
113,5,Escobar Group,2025-04-01 20:34:34,51.28,"2584 Chung Flats, Staten Island, NY 19617",atm_withdrawal,,pending,3280.14
114,35,"Villa, Douglas and Williams",2025-04-01 20:45:51,41.98,"966 Hurley Pine, Rochester, NY 17406",atm_withdrawal,,pending,1655.99
115,59,Calhoun-Estrada,2025-04-01 21:08:33,182.04,"4689 Fleming Squares, Binghamton, NY 12370",wire_transfer,,pending,16424.46
116,58,English-Romero,2025-04-01 21:16:30,281.82,"4966 Adam Fields, Albany, NY 14052",bill_payment,,pending,3743.06
117,59,Garcia and Sons,2025-04-01 21:19:19,137.59,"8444 Randy Villages, Troy, NY 15094",bill_payment,,pending,16562.05
118,1,Roth-Bell,2025-04-01 21:32:54,106.33,"3642 Sherman Place, Queens, NY 13929",atm_withdrawal,,pending,5405.64
119,15,"Gray, Barrett and Gardner",2025-04-01 21:48:57,153.49,"8131 Cathy Plains, Niagara Falls, NY 13657",atm_withdrawal,,pending,2044.99
120,26,Owens PLC,2025-04-01 22:20:03,413.44,"7776 Smith Plains, Schenectady, NY 12423",wire_transfer,,pending,2817.34
121,14,"Nichols, Williams and Flores",2025-04-01 22:31:35,253.39,"2352 Jennifer Fort, White Plains, NY 19908",wire_transfer,,pending,3658.44
122,52,Reynolds PLC,2025-04-01 22:56:49,42.33,"142 Gutierrez Springs, Buffalo, NY 11427",atm_withdrawal,,pending,1813.16
123,51,"Long, Gonzales and Benitez",2025-04-01 22:57:02,250.9,"7389 Kathleen Fords, Kingchester, IL 64985",p2p_transfer,,declined,846.04
124,42,Carney-Thompson,2025-04-01 23:15:10,123.71,"8595 Hartman Burg, Queens, NY 19643",wire_transfer,,pending,1361.46
125,19,Beck Ltd,2025-04-01 23:24:28,223.4,"3189 Marissa Lake, Syracuse, NY 16938",purchase,,pending,1716.18
126,30,Haley Group,2025-04-01 23:41:17,35.15,"6007 Sanchez Bridge, Port Laura, CT 01074",atm_withdrawal,,declined,1795.01
127,16,Green-Ferrell,2025-04-01 23:50:05,138.02,"4395 Angelica Mews, Queens, NY 12583",atm_withdrawal,,pending,3103.86
128,40,Anderson Ltd,2025-04-01 23:53:56,198.08,"5710 Gilmore Drives, Cheektowaga, NY 14416",wire_transfer,,pending,693.24
129,25,"Lewis, Jensen and Berry",2025-04-02 01:12:02,37.73,"3401 Wood Alley, Cheektowaga, NY 16627",purchase,,pending,1694.02
130,6,Baker Ltd,2025-04-02 01:29:00,70.93,"90 Combs Harbor, New York, NY 10769",bill_payment,,pending,1782.0
131,27,"Raymond, Lawrence and Mosley",2025-04-02 01:35:49,115.77,"8529 David Ways, North Anthony, IL 67339",bill_payment,,declined,739.99
132,16,"Martinez, Roberson and Solis",2025-04-02 01:48:01,243.7,"806 Samuel Islands, Buffalo, NY 14436",purchase,,pending,3347.56
133,4,Marshall-Yoder,2025-04-02 01:57:51,220.89,"3369 Andrew Square, New York, NY 11887",wire_transfer,,pending,2547.82
134,3,Powers Inc,2025-04-02 02:34:02,56.13,"1536 David Underpass, White Plains, NY 18312",wire_transfer,,pending,891.26
135,18,"Haas, Perez and Patterson",2025-04-02 02:56:16,27.21,"5188 Pennington Burgs, White Plains, NY 17564",atm_withdrawal,,pending,17283.43
136,27,Peterson-Thompson,2025-04-02 03:03:36,236.83,"5712 Ellis Stravenue, Binghamton, NY 11713",purchase,,pending,976.82
137,38,Collins-Jackson,2025-04-02 03:10:18,-441.83,"6550 Mark Shore, Schenectady, NY 11068",refund,,pending,1613.99
138,13,Black-Mckinney,2025-04-02 03:11:40,50.46,"5480 Hernandez Burg, Buffalo, NY 19541",atm_withdrawal,,pending,2273.75
139,34,Russell-Walton,2025-04-02 03:19:02,194.95,"5923 Lee Loaf, Schenectady, NY 14218",p2p_transfer,,pending,19470.0
140,16,Willis Ltd,2025-04-02 03:25:34,181.64,"9280 Harrison Keys, Bronx, NY 14598",atm_withdrawal,,pending,3529.2
141,57,Hancock Inc,2025-04-02 03:51:41,256.33,"6354 Michelle Key, Queens, NY 16923",bill_payment,,pending,2806.7
142,2,Gibson-Williams,2025-04-02 04:47:36,400.72,"1688 Richardson Pine, Schenectady, NY 15956",wire_transfer,,pending,2572.68
143,20,"Smith, Jones and Scott",2025-04-02 04:58:37,382.09,"9884 Boyd Stravenue, New York, NY 15656",p2p_transfer,,pending,2440.25
144,50,Banks Ltd,2025-04-02 05:22:40,74.55,"7132 Tyler Centers, Ithaca, NY 15124",atm_withdrawal,,pending,1350.43
145,35,Sanders-Mathews,2025-04-02 05:37:15,387.05,"5307 Garcia Squares, Utica, NY 17746",p2p_transfer,,pending,2043.04
146,57,King-Martin,2025-04-02 05:41:44,196.32,"5131 Sullivan Well, Cheektowaga, NY 17312",atm_withdrawal,,pending,3003.02
147,8,Lowe-Lowery,2025-04-02 05:50:35,29.75,"9453 Taylor Park, Bronx, NY 18323",atm_withdrawal,,pending,1472.92
148,12,"Murray, Joseph and Wells",2025-04-02 05:51:17,-78.17,"1367 Fuentes Way, Yonkers, NY 12472",refund,,pending,657.86
149,56,"Rivera, Stout and Crane",2025-04-02 05:59:36,223.48,"5807 Kathleen Mission, Syracuse, NY 11916",wire_transfer,,pending,798.93
150,9,Heath LLC,2025-04-02 06:06:36,75.1,"6823 Sean Dam, South Nancy, MA 06134",atm_withdrawal,,declined,1804.55
151,57,"Martin, Bryant and Forbes",2025-04-02 06:24:11,-123.74,"2743 Lauren Brooks, Rochester, NY 10312",refund,,pending,2879.28
152,60,"Jackson, Moore and Frank",2025-04-02 06:33:36,-133.4,"49 David Square, Syracuse, NY 10488",refund,,pending,2224.24
153,26,Romero-Fisher,2025-04-02 06:47:47,134.15,"7928 Sanchez Locks, Yonkers, NY 12663",wire_transfer,,pending,2951.49
154,46,"Adams, Franklin and Harris",2025-04-02 06:57:30,76.08,"1363 Hernandez View, New York, NY 13887",bill_payment,,pending,1775.41
155,5,Green LLC,2025-04-02 07:02:09,466.1,"714 Wang Key, Bronx, NY 15632",wire_transfer,,pending,3746.24
156,5,"Duran, Hammond and Hensley",2025-04-02 07:17:27,95.82,"4926 Young Plains, Syracuse, NY 14987",p2p_transfer,,pending,3842.06
157,53,"Martin, Wolfe and Hill",2025-04-02 07:18:08,-299.01,"1288 Anthony Vista, Queens, NY 13970",refund,,pending,997.45
158,57,Acosta LLC,2025-04-02 08:14:48,391.78,"3575 Garza Station, Buffalo, NY 13135",wire_transfer,,pending,3271.06
159,26,"Williams, Cohen and Miles",2025-04-02 08:31:32,106.41,"106 Leah Shoals, Staten Island, NY 12349",wire_transfer,,pending,3057.9
160,1,Simpson Inc,2025-04-02 09:08:17,83.33,"4211 Haley Curve, Cheektowaga, NY 14023",bill_payment,,pending,5488.97
161,29,"Clark, Huerta and Jackson",2025-04-02 09:11:46,395.64,"2389 Martin Curve, Niagara Falls, NY 17681",bill_payment,,pending,3911.29
162,1,Martin-Gonzalez,2025-04-02 09:34:44,383.95,"8677 Frank Trace, New York, NY 14959",wire_transfer,,pending,5872.92
163,52,"Serrano, Pierce and Duncan",2025-04-02 09:46:51,-60.57,"4882 Schmidt Avenue, Schenectady, NY 18120",refund,,pending,1752.59
164,59,"Ward, Andrews and Miranda",2025-04-02 09:51:29,135.19,"671 Williams Manor, Queens, NY 12966",wire_transfer,,pending,16697.24
165,28,"Kelly, Adams and Payne",2025-04-02 10:05:45,-370.97,"2755 Nicholas Plains, White Plains, NY 11435",refund,,pending,7809.37
166,48,"Martinez, Davidson and Mcbride",2025-04-02 10:17:25,98.08,"7058 Melissa Rest, Staten Island, NY 18238",atm_withdrawal,,pending,1569.36
167,37,Thompson-Garrett,2025-04-02 10:19:47,-297.68,"7875 Evans Vista, Brooklyn, NY 17890",refund,,pending,1982.96
168,13,Lynn Group,2025-04-02 10:51:58,52.95,"8402 Matthew Shoals, Schenectady, NY 11435",p2p_transfer,,pending,2326.7
169,13,Rodriguez PLC,2025-04-02 11:15:13,-326.1,"3161 Christina Keys, West Edwardport, PA 18598",refund,,pending,2000.6
170,19,Parrish-Combs,2025-04-02 11:29:34,52.04,"9897 Reed Shoal, New York, NY 18807",purchase,,pending,1768.22
171,24,Stewart Group,2025-04-02 11:58:23,267.57,"1410 Baird Points, White Plains, NY 16340",wire_transfer,,pending,3139.64
172,37,"Ferrell, Briggs and Kirk",2025-04-02 12:06:18,368.31,"6811 Nathan Forks, Buffalo, NY 11139",wire_transfer,,pending,2351.27
173,1,"Harris, Brown and Freeman",2025-04-02 12:14:08,-299.11,"6162 Hartman Flats, Utica, NY 10717",refund,,pending,5573.81
174,38,"Hogan, Mccoy and Miller",2025-04-02 12:29:03,320.67,"6655 Melissa Flat, Brooklyn, NY 16505",wire_transfer,,pending,1934.66
175,48,Woodard Group,2025-04-02 12:30:00,215.61,"8911 Torres Ville, Utica, NY 18311",wire_transfer,,pending,1784.97
176,54,Graham PLC,2025-04-02 12:32:21,56.31,"3963 Wayne Villages, Staten Island, NY 14760",purchase,,pending,2583.98
177,59,"Howell, Hernandez and Fitzgerald",2025-04-02 12:47:54,6502.35,"5392 Carter Rest, Buffalo, NY 14560",bill_payment,,pending,23199.59
178,20,Reyes and Sons,2025-04-02 12:54:32,169.86,"4013 Miller Gateway, Brooklyn, NY 13355",p2p_transfer,,pending,2610.11
179,24,Howard-Brown,2025-04-02 12:55:19,155.45,"2243 Neal Highway, Josephton, VT 05948",purchase,,declined,3139.64
180,22,"Cohen, Martinez and Henderson",2025-04-02 12:57:40,15.58,"1304 Black Orchard, Ithaca, NY 12953",purchase,,pending,793.6
181,19,"Frey, Chan and Aguirre",2025-04-02 13:30:48,194.64,"2292 Karen Divide, Cheektowaga, NY 17262",atm_withdrawal,,pending,1962.86
182,15,"West, Hammond and Smith",2025-04-02 13:31:09,225.08,"9182 John Islands, Ithaca, NY 16836",p2p_transfer,,pending,2270.07
183,58,"Smith, Fisher and Jones",2025-04-02 13:34:45,468.82,"6879 Vasquez Vista, Brooklyn, NY 19073",p2p_transfer,,pending,4211.88
184,56,Martinez Inc,2025-04-02 13:40:14,181.3,"9331 Russo Trace, Queens, NY 13199",atm_withdrawal,,pending,980.23
185,60,"Francis, Jones and Dodson",2025-04-02 14:07:37,189.8,"7799 Frye Ports, Kristashire, FL 34730",bill_payment,,declined,2224.24
186,58,Garcia PLC,2025-04-02 14:08:59,476.98,"2279 Green Inlet, Schenectady, NY 11648",wire_transfer,,pending,4688.86
187,52,Castillo Group,2025-04-02 14:09:56,385.04,"5615 Nicholas Run, Buffalo, NY 11550",p2p_transfer,,pending,2137.63
188,20,"Taylor, Heath and Phillips",2025-04-02 14:22:20,-418.7,"8073 Brooke Neck, Staten Island, NY 16073",refund,,pending,2191.41
189,7,Young-Powell,2025-04-02 14:49:47,462.97,"7990 Maria Point, Binghamton, NY 12068",bill_payment,,pending,2579.3
190,60,"Clark, Duran and Barton",2025-04-02 15:09:46,151.03,"7524 Tiffany Rapid, Albany, NY 15359",atm_withdrawal,,pending,2375.27
191,20,"Brown, Brown and Brown",2025-04-02 15:33:05,115.7,"4516 Hutchinson Drive, Schenectady, NY 11067",purchase,,pending,2307.11
192,2,"Farrell, Carter and James",2025-04-02 15:40:54,188.71,"5549 Adams Wall, New York, NY 18505",purchase,,pending,2761.39
193,3,Walker Inc,2025-04-02 15:44:39,30.14,"26 Melissa Land, Lake Gregoryborough, NJ 04660",atm_withdrawal,,declined,891.26
194,48,"Stevens, Rogers and Johnson",2025-04-02 15:48:44,458.05,"4460 Brian Lane, Buffalo, NY 13616",wire_transfer,,pending,2243.02
195,59,Sherman-Reyes,2025-04-02 15:52:31,450.75,"6172 Boyd Lane, Syracuse, NY 15982",p2p_transfer,,pending,23650.34
196,51,"Kelly, Knapp and Evans",2025-04-02 15:59:25,-256.07,"7117 James Station, Yonkers, NY 11074",refund,,pending,589.97
197,35,"Young, Dean and Peters",2025-04-02 16:18:31,69.91,"8829 Scott Plains, Queens, NY 19340",wire_transfer,,pending,2112.95
198,6,"Martin, Reese and Mcclure",2025-04-02 16:33:34,238.03,"3858 Cross Park, Utica, NY 13939",purchase,,pending,2020.03
199,34,"Lee, Lam and Vargas",2025-04-02 16:40:58,112.06,"6205 Davidson Junctions, Troy, NY 14683",wire_transfer,,pending,19582.06
200,47,"Sanchez, Lee and Rodriguez",2025-04-02 17:21:48,191.68,"5168 Williams Plain, Troy, NY 10145",p2p_transfer,,pending,3447.05
201,19,Myers and Sons,2025-04-02 17:58:32,461.91,"1614 Fry Hills, Yonkers, NY 14760",wire_transfer,,pending,2424.77
202,16,Savage Ltd,2025-04-02 17:58:55,42.28,"3265 Ward Crescent, Queens, NY 12556",purchase,,pending,3571.48
203,9,Pugh-Murphy,2025-04-02 18:04:26,270.02,"945 Martin Lodge, Buffalo, NY 13666",wire_transfer,,pending,2074.57
204,49,Johnson-Cooper,2025-04-02 18:11:24,70.12,"658 Christopher Rapids, Queens, NY 13412",purchase,,pending,2710.94
205,23,Jones-Blake,2025-04-02 19:39:52,1416.6,"7095 John Lights, New York, NY 17489",p2p_transfer,,pending,4487.16
206,16,Franklin-Lopez,2025-04-02 19:53:51,-80.28,"521 Jackson Bridge, Syracuse, NY 15469",refund,,pending,3491.2
207,55,Cruz Ltd,2025-04-02 19:54:40,225.93,"6382 Henry Harbor, Syracuse, NY 18152",wire_transfer,,pending,13243.96
208,58,Brown Group,2025-04-02 20:03:58,16.65,"7766 Frederick Villages, Staten Island, NY 13416",purchase,,pending,4705.51
209,1,Sandoval-Morgan,2025-04-02 20:14:42,368.54,"481 Williams Parkway, Rochester, NY 11720",bill_payment,,pending,5942.35
210,14,Hickman-Anderson,2025-04-02 20:18:11,-35.17,"6321 Jeffery View, New York, NY 11684",refund,,pending,3623.27
211,24,Graham-Hopkins,2025-04-02 20:32:32,291.4,"8498 David Branch, Cheektowaga, NY 16946",bill_payment,,pending,3431.04
212,41,Carter Inc,2025-04-02 21:29:06,273.72,"1154 Rachel Springs, Queens, NY 19504",p2p_transfer,,pending,648.45
213,34,Santiago-Gray,2025-04-02 21:31:12,137.04,"626 Tate Causeway, Yonkers, NY 14192",purchase,,pending,19719.1
214,1,Thomas-Reyes,2025-04-02 21:33:49,468.13,"7956 Perry Court, Troy, NY 16462",p2p_transfer,,pending,6410.48
215,55,"Maldonado, Williams and Gordon",2025-04-02 21:39:24,-134.85,"6908 Gill Pine, Schenectady, NY 15416",refund,,pending,13109.11
216,42,Parker-Rowland,2025-04-02 21:49:41,221.37,"522 Calhoun Trace, Niagara Falls, NY 12151",wire_transfer,,pending,1582.83
217,27,Holden-Simpson,2025-04-02 22:16:11,446.67,"2275 Jackson Squares, Schenectady, NY 15398",p2p_transfer,,pending,1423.49
218,28,Meadows-Lopez,2025-04-02 22:31:01,107.48,"3657 Gabriel Branch, Rochester, NY 16449",atm_withdrawal,,pending,7916.85
219,4,"Williams, Morrison and Taylor",2025-04-02 22:32:30,-294.58,"6153 Alexandra Ridges, Wesleyburgh, CT 08924",refund,,pending,2253.24
220,15,"Garcia, Scott and Price",2025-04-02 22:46:05,85.57,"4340 Roberts Inlet, New York, NY 11717",atm_withdrawal,,pending,2355.64
221,23,Leblanc Ltd,2025-04-02 22:48:13,436.18,"9382 Jessica Fork, Utica, NY 12265",p2p_transfer,,pending,4923.34
222,25,Nunez PLC,2025-04-02 22:52:42,184.43,"5523 Anderson Mount, Queens, NY 19652",atm_withdrawal,,pending,1878.45
223,24,"Robinson, Smith and Holland",2025-04-02 23:23:46,448.22,"8018 Santana Station, Binghamton, NY 19955",p2p_transfer,,pending,3879.26
224,18,"Flowers, Snyder and Morris",2025-04-03 01:16:36,208.34,"8630 Tiffany Loaf, White Plains, NY 12274",p2p_transfer,,pending,17491.77
225,21,"Wolfe, Lee and Bean",2025-04-03 01:31:17,364.08,"9130 Kathryn Locks, White Plains, NY 15843",p2p_transfer,,pending,1681.94
226,24,Rodriguez LLC,2025-04-03 02:16:53,-223.17,"6289 Garcia Creek, Ithaca, NY 11280",refund,,pending,3656.09
227,6,"Lee, Sanchez and Mercer",2025-04-03 02:21:36,438.28,"568 Lopez Squares, Bronx, NY 17620",p2p_transfer,,pending,2458.31
228,30,"Burns, Wise and Johnson",2025-04-03 02:38:00,235.46,"5103 Steven Canyon, North Andre, PA 16857",purchase,,pending,2030.47
229,5,Holmes-Smith,2025-04-03 02:51:14,-412.06,"6324 Natalie Overpass, Troy, NY 11206",refund,,pending,3430.0
230,17,"Hess, Mcdonald and Dunn",2025-04-03 03:32:50,428.95,"6825 Bonnie Mountain, Buffalo, NY 13985",p2p_transfer,,pending,2849.83
231,50,Jones-Perry,2025-04-03 03:40:07,5263.8,"9749 Morgan Rapid, Staten Island, NY 12526",bill_payment,,declined,1350.43
232,2,Miller PLC,2025-04-03 03:42:27,5790.9,"5620 Lindsey Fork, Niagara Falls, NY 17658",bill_payment,,declined,2761.39
233,10,Hammond-Clark,2025-04-03 03:53:22,155.83,"5984 Lisa Forks, Niagara Falls, NY 18993",atm_withdrawal,,pending,2368.47
234,57,Gutierrez-Brown,2025-04-03 03:55:02,-390.97,"1531 Alexander Ford, Johnland, MA 07556",refund,,pending,2880.09
235,44,Patel LLC,2025-04-03 03:57:50,53.87,"1280 Jennifer Knolls, Cheektowaga, NY 14350",p2p_transfer,,pending,1672.58
236,31,Vasquez Ltd,2025-04-03 04:04:27,50.58,"2656 Kevin Ramp, Syracuse, NY 18884",atm_withdrawal,,pending,295.97
237,21,Jones Ltd,2025-04-03 04:07:57,22.52,"5268 Bonnie Ramp, Martinton, CT 02173",atm_withdrawal,,declined,1681.94
238,20,"Odom, Kemp and Diaz",2025-04-03 04:15:47,289.86,"2962 Barbara Light, Buffalo, NY 17540",wire_transfer,,pending,2596.97
239,50,Robbins Ltd,2025-04-03 04:31:48,-444.11,"9465 Martinez Squares, New York, NY 15628",refund,,pending,906.32
240,55,"Gray, Vance and Cisneros",2025-04-03 04:48:48,134.37,"9358 Valdez Port, Albany, NY 17640",atm_withdrawal,,pending,13243.48
241,37,Berger PLC,2025-04-03 04:59:23,118.22,"8277 Paul Turnpike, Niagara Falls, NY 18747",p2p_transfer,,pending,2469.49
242,34,Everett LLC,2025-04-03 05:45:07,134.7,"7212 Charles Ridges, White Plains, NY 12866",p2p_transfer,,pending,19853.8
243,28,Mosley Ltd,2025-04-03 05:45:40,281.89,"9316 Patty Mews, Binghamton, NY 10719",purchase,,pending,8198.74
244,18,Carroll-Macias,2025-04-03 05:51:07,110.39,"9702 Kevin Viaduct, Brooklyn, NY 16431",atm_withdrawal,,pending,17602.16
245,2,"Arias, Cooper and Ball",2025-04-03 05:51:50,221.65,"7550 Katherine Roads, White Plains, NY 17225",purchase,,pending,2983.04
246,22,Medina PLC,2025-04-03 05:58:59,199.75,"2103 Amber Rue, Troy, NY 17609",atm_withdrawal,,pending,993.35
247,25,Sanchez-Perez,2025-04-03 06:11:23,165.34,"2095 Walls Cape, New York, NY 14554",atm_withdrawal,,pending,2043.79
248,21,Mcgrath-Hill,2025-04-03 06:20:03,77.36,"7075 Eileen Glen, Brooklyn, NY 14264",bill_payment,,pending,1759.3
249,5,Silva Ltd,2025-04-03 06:23:33,121.61,"8781 Adrian Freeway, Staten Island, NY 13308",purchase,,pending,3551.61
250,35,Case Group,2025-04-03 06:38:43,-158.35,"6040 Smith Route, Utica, NY 11820",refund,,pending,1954.6
251,33,"Ward, Stewart and Walsh",2025-04-03 06:44:01,66.13,"8725 Durham Court, Binghamton, NY 16294",bill_payment,,pending,3598.04
252,32,"Newman, Martinez and Roman",2025-04-03 07:04:12,139.51,"294 Erin Flat, Utica, NY 13267",bill_payment,,pending,1613.45
253,48,Carter-Wilkerson,2025-04-03 07:07:46,116.4,"2108 Tyler Station, Queens, NY 19987",wire_transfer,,pending,2359.42
254,27,Murray Inc,2025-04-03 07:24:29,-119.12,"7547 Jordan Course, Buffalo, NY 12173",refund,,pending,1304.37
255,20,Boyd-Morgan,2025-04-03 07:48:27,392.05,"6173 Kathryn Views, Belltown, CA 94413",wire_transfer,,declined,2596.97
256,43,Abbott-Lucas,2025-04-03 07:57:07,-115.05,"666 James Unions, Troy, NY 19097",refund,,pending,1049.74
257,32,Williams-Valdez,2025-04-03 07:59:56,36.98,"9847 Green Drives, Buffalo, NY 16498",atm_withdrawal,,pending,1650.43
258,49,"Jackson, Hogan and Ward",2025-04-03 08:03:47,246.73,"4426 Ramsey Canyon, Buffalo, NY 12975",wire_transfer,,pending,2957.67
259,14,"Guzman, Maldonado and Carter",2025-04-03 08:20:32,35.98,"923 Pierce Inlet, Syracuse, NY 14589",atm_withdrawal,,pending,3659.25
260,27,Sullivan-Chang,2025-04-03 08:33:29,296.13,"1518 Cordova Landing, Buffalo, NY 15564",wire_transfer,,pending,1600.5
261,43,Pierce LLC,2025-04-03 08:48:24,81.43,"4113 Travis Wells, Queens, NY 14949",wire_transfer,,pending,1131.17
262,35,Olson-Joseph,2025-04-03 09:35:10,27.19,"4310 Jennifer Walk, Binghamton, NY 11927",atm_withdrawal,,pending,1981.79
263,37,Sanders-Brown,2025-04-03 09:39:49,72.07,"1230 Wall Trafficway, Brooklyn, NY 18587",atm_withdrawal,,pending,2541.56
264,9,Harvey-Webb,2025-04-03 09:49:54,181.61,"347 Ibarra Common, Yonkers, NY 16745",bill_payment,,pending,2256.18
265,1,Guerrero-Lewis,2025-04-03 10:35:05,1007.55,"4133 Christina Hills, Cheektowaga, NY 19632",atm_withdrawal,,pending,7418.03
266,11,Parker Inc,2025-04-03 10:49:33,49.84,"7213 Andrew Pines, Albany, NY 16660",atm_withdrawal,,pending,942.07
267,20,Hanson Inc,2025-04-03 10:55:20,115.74,"3626 Jones Canyon, Rochester, NY 10637",bill_payment,,pending,2712.71
268,27,"Meyer, Ward and Brock",2025-04-03 11:04:06,121.49,"5443 David Ports, New York, NY 16529",atm_withdrawal,,pending,1721.99
269,47,Dawson LLC,2025-04-03 11:19:27,79.41,"9970 Ayala Tunnel, Albany, NY 18922",atm_withdrawal,,pending,3526.46
270,52,"Mendoza, Black and Christensen",2025-04-03 11:53:24,159.22,"9989 Parker River, Yonkers, NY 13748",atm_withdrawal,,pending,2296.85
271,22,Guzman LLC,2025-04-03 11:58:07,71.0,"1261 Harrell Loaf, Bronx, NY 16896",bill_payment,,pending,1064.35
272,51,"Anderson, Douglas and Bryant",2025-04-03 12:10:42,62.47,"1781 Melissa Ramp, Brooklyn, NY 14588",atm_withdrawal,,pending,652.44
273,46,Stone Group,2025-04-03 12:17:40,209.76,"1622 Grant Vista, Binghamton, NY 13327",p2p_transfer,,pending,1985.17
274,28,Marquez Inc,2025-04-03 12:24:16,197.28,"5684 Bishop Trail, Utica, NY 16064",wire_transfer,,pending,8396.02
275,7,Noble PLC,2025-04-03 12:28:14,274.78,"7887 Joanne Street, Buffalo, NY 15152",wire_transfer,,pending,2854.08
276,49,"Edwards, Higgins and Smith",2025-04-03 12:39:08,-87.37,"5869 Cox Islands, Bronx, NY 11512",refund,,pending,2870.3
277,43,"Mueller, Lewis and Perry",2025-04-03 13:11:51,103.78,"1028 Mclean Plaza, New York, NY 18488",purchase,,pending,1234.95
278,27,"Smith, Kirby and Torres",2025-04-03 13:57:24,215.38,"3725 Kyle Locks, Buffalo, NY 16887",bill_payment,,pending,1937.37
279,8,Martin Ltd,2025-04-03 14:08:42,317.75,"1080 Medina Field, Niagara Falls, NY 18873",bill_payment,,pending,1790.67
280,32,"Ward, Barber and Ruiz",2025-04-03 14:18:53,322.96,"8374 Timothy Stream, Ithaca, NY 10902",bill_payment,,pending,1973.39
281,48,"Mills, Russell and Zamora",2025-04-03 14:32:29,22.62,"1156 Leah Rue, Staten Island, NY 15016",purchase,,pending,2382.04
282,57,Jordan-Adams,2025-04-03 14:41:35,67.71,"8722 Melanie Mills, Ithaca, NY 13254",atm_withdrawal,,pending,2947.8
283,28,"Marshall, Kennedy and Jimenez",2025-04-03 14:45:49,2349.9,"4455 Thomas Bypass, Binghamton, NY 13103",purchase,,pending,10745.92
284,39,King-Davis,2025-04-03 15:21:52,430.69,"6585 Burns Station, Elizabethberg, CT 01493",p2p_transfer,,declined,3251.96
285,55,Charles and Sons,2025-04-03 16:13:02,137.61,"825 Rebecca Highway, Yonkers, NY 17481",atm_withdrawal,,pending,13381.09
286,27,"Harmon, Grant and Braun",2025-04-03 16:31:43,-91.82,"832 Jennings Place, Syracuse, NY 19420",refund,,pending,1845.55
287,42,Blackburn-Thomas,2025-04-03 16:57:44,55.35,"5135 Anna Village, Cheektowaga, NY 19830",atm_withdrawal,,pending,1638.18
288,7,Phillips PLC,2025-04-03 17:08:25,209.85,"8328 Heather Keys, Yonkers, NY 17406",purchase,,pending,3063.93
289,32,"Wheeler, Jackson and Haynes",2025-04-03 17:41:15,-277.54,"1432 Whitney Union, Schenectady, NY 12265",refund,,pending,1695.85
290,24,Jackson-Summers,2025-04-03 18:05:44,390.98,"6788 Richard Haven, Rochester, NY 19621",p2p_transfer,,pending,4047.07
291,5,George-Johnson,2025-04-03 18:19:17,-395.64,"1792 Dudley Plaza, Utica, NY 17654",refund,,pending,3155.97
292,58,"Johnson, Cummings and Sloan",2025-04-03 18:32:35,294.26,"4056 Ross Parkway, Bronx, NY 10236",wire_transfer,,pending,4999.77
293,10,Patel PLC,2025-04-03 18:44:43,81.74,"7957 Campbell Cape, Utica, NY 11511",p2p_transfer,,pending,2450.21
294,36,Washington LLC,2025-04-03 19:04:53,444.4,"2522 Chapman Drives, Albany, NY 16917",wire_transfer,,pending,940.07
295,45,Williams and Sons,2025-04-03 19:42:18,33.1,"7399 April Corners, Syracuse, NY 14676",atm_withdrawal,,pending,1310.59
296,47,Perez-Williamson,2025-04-03 20:20:03,-35.5,"6208 Russell Plaza, Yonkers, NY 12250",refund,,pending,3490.96
297,16,Wilson-Hickman,2025-04-03 20:22:56,100.11,"7058 Patterson Expressway, Albany, NY 14527",bill_payment,,pending,3591.31
298,29,Foster PLC,2025-04-03 20:31:31,300.54,"3661 Garrett Pines, Utica, NY 18060",bill_payment,,pending,4211.83
299,14,"Cunningham, Huff and Turner",2025-04-03 20:32:22,496.82,"7096 Bethany Courts, Cheektowaga, NY 17955",bill_payment,,pending,4156.07
300,29,Weaver Inc,2025-04-03 20:45:08,-412.54,"7182 Morrison Pines, Cheektowaga, NY 18951",refund,,pending,3799.29
301,59,Moore-Parker,2025-04-03 20:57:17,-395.57,"7842 Rodgers Ways, White Plains, NY 12358",refund,,pending,23254.77
302,36,Jones-Malone,2025-04-03 21:04:13,45.05,"2176 Randy Track, Queens, NY 14516",atm_withdrawal,,pending,985.12
303,60,Aguilar-Figueroa,2025-04-03 21:15:30,412.17,"3476 Gonzalez Mission, Cheektowaga, NY 16404",bill_payment,,pending,2787.44
304,55,Jones-Chan,2025-04-03 21:21:06,30.14,"4302 Moreno Fork, Buffalo, NY 13236",atm_withdrawal,,pending,13411.23
305,45,"Hart, Davis and Morrison",2025-04-03 21:34:36,336.12,"9341 Margaret Shore, Queens, NY 15048",bill_payment,,pending,1646.71
306,2,Burns-Gomez,2025-04-03 22:04:57,92.19,"6685 Tara Passage, Yonkers, NY 19810",atm_withdrawal,,pending,3075.23
307,3,Buckley Inc,2025-04-03 22:13:24,145.87,"7866 Chen Ferry, Bronx, NY 14763",wire_transfer,,pending,1037.13
308,44,Brown-Lloyd,2025-04-03 22:54:32,246.27,"6457 Winters Forges, Williamville, IL 67889",purchase,,declined,1672.58
309,32,"Zimmerman, Lambert and Dominguez",2025-04-03 23:03:02,176.33,"2765 Garcia Fork, Utica, NY 19858",atm_withdrawal,,pending,1872.18
310,59,Everett-Rosales,2025-04-03 23:08:20,6181.5,"1442 Lewis Ridge, New York, NY 13618",wire_transfer,,pending,29436.27
311,21,Morrison-Evans,2025-04-03 23:14:45,207.62,"4987 Lucas Club, Brooklyn, NY 19639",purchase,,pending,1966.92
312,27,"Walsh, Wells and Ray",2025-04-03 23:15:22,70.28,"1791 Steele Court, Cheektowaga, NY 13842",purchase,,pending,1915.83
313,6,"Murphy, Wilkins and Jordan",2025-04-03 23:19:31,309.15,"5946 Arnold Tunnel, Staten Island, NY 19078",wire_transfer,,pending,2767.46
314,34,Martinez Group,2025-04-03 23:31:00,343.54,"9930 Mary Spur, Yonkers, NY 16953",p2p_transfer,,pending,20197.34
315,33,Douglas-Graves,2025-04-03 23:42:45,467.73,"441 Richard Drives, Utica, NY 17264",p2p_transfer,,pending,4065.77
316,30,Duncan-Prince,2025-04-03 23:46:08,127.33,"6806 Carrie Crest, Cheektowaga, NY 11975",purchase,,pending,2157.8
317,24,"Hill, Nichols and Montoya",2025-04-04 01:02:17,206.64,"7339 Christopher Isle, Ithaca, NY 10445",purchase,,pending,4253.71
318,30,Barrera-Parker,2025-04-04 01:33:27,449.76,"6717 Barbara Plaza, Cheektowaga, NY 15782",wire_transfer,,pending,2607.56
319,19,Reese Ltd,2025-04-04 01:37:30,492.38,"5975 Tammy Haven, Syracuse, NY 11529",p2p_transfer,,pending,2917.15
320,31,Moore Group,2025-04-04 01:41:26,47.55,"5992 Lisa Freeway, Schenectady, NY 14092",atm_withdrawal,,pending,343.52
321,4,"Shepard, Sims and Marsh",2025-04-04 01:52:53,126.38,"7572 Edwards Overpass, Cheektowaga, NY 15124",purchase,,pending,2379.62
322,46,Nguyen-Berry,2025-04-04 01:54:46,54.32,"1626 Jessica Parks, Syracuse, NY 14652",p2p_transfer,,pending,2039.49
323,55,"Butler, Jackson and Fisher",2025-04-04 01:56:05,-487.87,"5544 Lewis Valley, Ithaca, NY 17947",refund,,pending,12923.36
324,34,"Miller, Myers and Nunez",2025-04-04 02:03:41,3224.25,"7794 Angel Meadows, Binghamton, NY 13577",bill_payment,,pending,23421.59
325,30,Bright LLC,2025-04-04 02:04:56,341.6,"2606 Robert Ford, New York, NY 14315",bill_payment,,pending,2949.16
326,3,Clark Ltd,2025-04-04 02:15:51,120.21,"8992 Estes Mill, Niagara Falls, NY 10243",wire_transfer,,pending,1157.34
327,1,Chen-Dawson,2025-04-04 02:35:39,485.98,"4781 Mosley Mills, White Plains, NY 16015",p2p_transfer,,pending,7904.01
328,15,Porter-Mcdonald,2025-04-04 02:44:17,469.45,"7460 Evans Shoals, South Garrett, TX 73330",wire_transfer,,declined,2355.64
329,48,Nichols Ltd,2025-04-04 02:52:59,113.07,"8551 Parks Viaduct, Kramerborough, CA 95801",wire_transfer,,declined,2382.04
330,15,Mason and Sons,2025-04-04 03:07:08,-337.0,"8715 Alyssa Island, Syracuse, NY 16779",refund,,pending,2018.64
331,15,Ramsey-Johnson,2025-04-04 03:27:52,372.11,"6963 Katherine Courts, Troy, NY 18570",wire_transfer,,pending,2390.75
332,20,"Garcia, King and Bennett",2025-04-04 04:31:07,249.61,"2812 Delgado Squares, Staten Island, NY 10322",bill_payment,,pending,2962.32
333,13,Torres Ltd,2025-04-04 05:30:09,-298.78,"5842 Amanda Forest, Bronx, NY 11807",refund,,pending,1701.82
334,58,Rosales-Ochoa,2025-04-04 05:32:16,151.52,"5304 Robert Crescent, Staten Island, NY 17550",p2p_transfer,,pending,5151.29
335,43,Holloway PLC,2025-04-04 05:42:46,178.04,"2338 Jacqueline Run, Staten Island, NY 18641",atm_withdrawal,,pending,1412.99
336,2,Vaughan-Hunter,2025-04-04 05:59:35,352.9,"9249 Jacob Isle, Buffalo, NY 13587",bill_payment,,pending,3428.13
337,8,Duncan-Roberson,2025-04-04 06:05:46,121.32,"8936 Harris Cape, Ithaca, NY 15828",purchase,,pending,1911.99
338,31,"Williams, Decker and Walton",2025-04-04 06:14:21,144.92,"1803 Jennifer Dale, Michaelhaven, CA 94768",atm_withdrawal,,declined,343.52
339,27,Carter Group,2025-04-04 06:23:33,-163.37,"7888 Micheal Plaza, Brooklyn, NY 11460",refund,,pending,1752.46
340,52,Allen-Murray,2025-04-04 06:58:34,-289.71,"3897 Frank Dale, Utica, NY 15024",refund,,pending,2007.14
341,37,Turner-Young,2025-04-04 07:07:25,454.91,"5800 Mccoy Via, Brooklyn, NY 15866",p2p_transfer,,pending,2996.47
342,17,"Norris, Kennedy and White",2025-04-04 07:08:20,254.24,"3498 Lopez Manor, Cheektowaga, NY 11671",bill_payment,,pending,3104.07
343,7,Cole Ltd,2025-04-04 07:11:41,-433.33,"5333 Miller Tunnel, East Michelleburgh, MA 09833",refund,,pending,2630.6
344,18,Ramos-Parker,2025-04-04 07:16:58,382.48,"6363 Colon Springs, Albany, NY 19693",wire_transfer,,pending,17984.64
345,50,"Mosley, Costa and Hughes",2025-04-04 07:19:10,393.5,"3719 Mcintosh Rest, New York, NY 15534",wire_transfer,,pending,1299.82
346,4,Patel Ltd,2025-04-04 08:04:17,222.55,"7758 Karen Plaza, Lake Brandonshire, PA 17985",wire_transfer,,pending,2602.17
347,31,Gutierrez Ltd,2025-04-04 08:13:49,69.32,"7897 Stephanie Club, Troy, NY 18089",atm_withdrawal,,pending,412.84
348,60,"Knox, Simmons and Frye",2025-04-04 08:22:06,426.8,"3560 Olson Track, Brooklyn, NY 12712",p2p_transfer,,pending,3214.24
349,54,Grant Inc,2025-04-04 08:26:45,34.54,"6388 Clements Creek, Queens, NY 18033",atm_withdrawal,,pending,2618.52
350,51,Krueger Group,2025-04-04 08:31:55,62.03,"9921 Rollins Flats, Binghamton, NY 14882",wire_transfer,,pending,714.47
351,32,"Nichols, House and White",2025-04-04 08:51:41,240.22,"7585 Sanders Expressway, Brooklyn, NY 16182",bill_payment,,pending,2112.4
352,8,Church-Buchanan,2025-04-04 09:17:25,1942.35,"9947 Bartlett Street, Eduardofurt, FL 36170",purchase,,declined,1911.99
353,15,Martin Ltd,2025-04-04 09:33:56,387.77,"1931 Heather Rapid, Syracuse, NY 11712",p2p_transfer,,pending,2778.52
354,57,Osborne-Haynes,2025-04-04 09:50:14,243.21,"9162 Michael Parkway, Schenectady, NY 10310",p2p_transfer,,pending,3191.01
355,57,Smith-Moore,2025-04-04 10:19:31,172.21,"4425 Franklin Place, Brooklyn, NY 16514",wire_transfer,,pending,3363.22
356,56,"Mccarthy, Hernandez and May",2025-04-04 10:28:26,158.31,"739 Gilbert Fall, Utica, NY 11106",atm_withdrawal,,pending,1138.54
357,25,Ramirez-Lawson,2025-04-04 11:23:08,294.22,"1964 Alexander Fall, Syracuse, NY 17650",p2p_transfer,,pending,2338.01
358,29,Wong-Daniels,2025-04-04 11:37:43,152.06,"8941 Cervantes Stream, Syracuse, NY 10974",purchase,,pending,3951.35
359,11,"Maddox, Mason and Blake",2025-04-04 11:44:43,243.5,"2569 Edward Landing, Albany, NY 13210",p2p_transfer,,pending,1185.57
360,1,Reyes PLC,2025-04-04 12:17:45,171.66,"4964 Ronnie Keys, Buffalo, NY 11868",wire_transfer,,pending,8075.67
361,5,"Marshall, Jones and Norman",2025-04-04 12:47:34,159.96,"1306 Allen Station, Binghamton, NY 11702",bill_payment,,pending,3315.93
362,18,Morgan-Bell,2025-04-04 12:54:25,-111.17,"8382 Simpson Road, Syracuse, NY 12960",refund,,pending,17873.47
363,28,Young Group,2025-04-04 13:01:43,222.29,"2379 Costa Locks, Cheektowaga, NY 17917",p2p_transfer,,pending,10968.21
364,10,"Jackson, Fernandez and Smith",2025-04-04 13:13:35,65.7,"6321 Allen Pines, Brooklyn, NY 19189",atm_withdrawal,,pending,2515.91
365,34,Johnson-Sutton,2025-04-04 13:17:36,-258.82,"2723 George Creek, Staten Island, NY 13118",refund,,pending,23162.77
366,1,Higgins PLC,2025-04-04 13:29:26,247.39,"6938 Johnson Springs, Queens, NY 16092",purchase,,pending,8323.06
367,13,Taylor-Osborne,2025-04-04 13:30:48,356.64,"8551 Larry Cliffs, Ithaca, NY 12312",wire_transfer,,pending,2058.46
368,35,Noble Ltd,2025-04-04 13:31:18,73.34,"4125 Shaun Rapid, Schenectady, NY 10978",atm_withdrawal,,pending,2055.13
369,1,Brown Inc,2025-04-04 13:43:23,431.72,"8087 Hill Cliff, Yonkers, NY 11075",p2p_transfer,,pending,8754.78
370,6,Smith and Sons,2025-04-04 13:51:01,67.1,"4524 Bass Fall, West Markfort, IL 67898",p2p_transfer,,declined,2767.46
371,27,"Holmes, Fuller and Terry",2025-04-04 14:11:07,248.86,"3938 Hampton Springs, South David, FL 39602",p2p_transfer,,declined,1752.46
372,2,Kramer PLC,2025-04-04 14:11:31,6772.2,"5723 Joseph Locks, Ithaca, NY 12140",bill_payment,,declined,3428.13
373,30,Duncan-Prince,2025-04-04 14:46:08,-127.33,"6806 Carrie Crest, Cheektowaga, NY 11975",cancellation,316,pending,2821.83
374,15,Parrish Inc,2025-04-04 14:49:52,314.81,"5475 Andrews Prairie, Queens, NY 15510",wire_transfer,,pending,3093.33
375,33,Delacruz-Ruiz,2025-04-04 15:24:17,95.53,"2111 William Fork, Binghamton, NY 17438",p2p_transfer,,pending,4161.3
376,37,Mcclain-Perkins,2025-04-04 15:35:01,149.95,"814 Spears Landing, Rochester, NY 15088",atm_withdrawal,,pending,3146.42
377,43,"Nicholson, Allen and Ross",2025-04-04 15:38:33,300.09,"2291 Deleon Prairie, Buffalo, NY 12066",p2p_transfer,,pending,1713.08
378,39,Aguirre Group,2025-04-04 16:01:12,81.65,"6369 Stephanie Roads, Staten Island, NY 12023",purchase,,pending,3333.61
379,46,Martinez-Moyer,2025-04-04 16:35:26,64.64,"7424 Harris Center, Utica, NY 14700",atm_withdrawal,,pending,2104.13
380,58,Jackson-Schultz,2025-04-04 17:33:58,34.93,"3942 Sara Ridge, Rochester, NY 13128",purchase,,pending,5186.22
381,55,Pena PLC,2025-04-04 17:35:14,21.38,"8950 Carey View, Staten Island, NY 18508",atm_withdrawal,,pending,12944.74
382,24,Rodriguez-Brock,2025-04-04 17:35:44,115.42,"3632 Gutierrez Creek, Schenectady, NY 17770",wire_transfer,,pending,4369.13
383,9,Conner PLC,2025-04-04 18:13:51,129.14,"782 Mack Creek, Rochester, NY 15644",purchase,,pending,2385.32
384,7,Wade Ltd,2025-04-04 18:40:33,198.75,"9172 Campbell Ridges, Shortborough, IL 67222",wire_transfer,,declined,2630.6
385,6,Miller PLC,2025-04-04 18:54:30,85.48,"2381 Phillips Lake, Schenectady, NY 19167",purchase,,pending,2852.94
386,6,Brown Inc,2025-04-04 19:08:27,156.3,"4654 Martin Road, Yonkers, NY 13773",atm_withdrawal,,pending,3009.24
387,34,Garcia Group,2025-04-04 19:47:56,346.12,"5657 Charles Squares, White Plains, NY 18071",bill_payment,,pending,23508.89
388,5,Smith and Sons,2025-04-04 20:01:34,-399.22,"210 Karen Isle, Queens, NY 14891",refund,,pending,2916.71
389,27,Lyons Ltd,2025-04-04 20:09:43,345.31,"955 Jose Crescent, Buffalo, NY 18544",bill_payment,,pending,2097.77
390,46,Mcintyre Ltd,2025-04-04 20:13:20,223.1,"5931 Norman Trail, Binghamton, NY 19111",purchase,,pending,2327.23
391,12,"Horne, Taylor and Watson",2025-04-04 20:13:30,273.24,"9774 Mata Stream, Buffalo, NY 10572",purchase,,pending,931.1
392,46,Rogers-Ward,2025-04-04 20:28:11,159.49,"7015 Kimberly Course, Ithaca, NY 15210",purchase,,pending,2486.72
393,12,Nelson LLC,2025-04-04 21:14:54,88.49,"5947 Brown Ports, New York, NY 14140",purchase,,pending,1019.59
394,29,Moreno-Becker,2025-04-04 21:53:42,105.76,"1589 Wolfe Place, Troy, NY 18538",purchase,,pending,4057.11
395,38,Wilson-Marshall,2025-04-04 21:54:48,242.63,"9728 Frost Ridges, Rochester, NY 12036",purchase,,pending,2177.29
396,23,Jacobs-Quinn,2025-04-04 22:05:48,148.93,"6496 Ritter Stravenue, Tylerfort, CA 92985",wire_transfer,,declined,4923.34
397,27,Robinson-Robertson,2025-04-04 22:50:59,142.41,"9179 Jennifer Villages, Bronx, NY 11947",p2p_transfer,,pending,2240.18
398,53,Munoz and Sons,2025-04-04 23:34:58,159.92,"3622 Jaime Stravenue, Littleside, CT 05623",atm_withdrawal,,declined,997.45
399,51,Walker-Harris,2025-04-04 23:43:35,410.16,"2301 Kelly Fork, New York, NY 17159",wire_transfer,,pending,1124.63
400,11,Stevens and Sons,2025-04-04 23:45:42,121.22,"6857 Perry Glens, Buffalo, NY 18991",bill_payment,,pending,1306.79
401,18,Jones-Andrade,2025-04-04 23:56:47,110.14,"6825 Aguilar Heights, Rochester, NY 14069",purchase,,pending,17983.61
